{
  "project_info": {
    "project_number": "579986580007",
    "project_id": "eventease-56dd1",
    "storage_bucket": "eventease-56dd1.firebasestorage.app"
  },
  "client": [
    {
      "client_info": {
        "mobilesdk_app_id": "1:579986580007:android:070b860b8045c307d2a402",
        "android_client_info": {
          "package_name": "com.example.eventease"
        }
      },
      "oauth_client": [],
      "api_key": [
        {
          "current_key": "AIzaSyDsUdXGKukhRt5YPjAkHMxu6IZFve2kskc"
        }
      ],
      "services": {
        "appinvite_service": {
          "other_platform_oauth_client": []
        }
      }
    }
  ],
  "configuration_version": "1"
}